overall_rank,position_rank,player_name,team,position,predicted_points,vor_value,adp,bye_week,tier
1,1,QB Player 1,TEAM1,QB,35.2,23.2,4,4,1
2,2,QB Player 2,TEAM2,QB,33.7,21.7,0,5,1
3,3,QB Player 3,TEAM3,QB,32.6,20.6,-1,6,1
4,4,QB Player 4,TEAM4,QB,31.1,19.1,7,7,1
5,5,QB Player 5,TEAM5,QB,31.0,19.0,1,8,1
6,6,QB Player 6,TEAM6,QB,30.2,18.2,4,9,1
7,7,QB Player 7,TEAM7,QB,29.2,17.2,9,10,1
8,1,RB Player 1,TEAM1,RB,24.6,16.6,28,4,1
9,2,RB Player 2,TEAM2,RB,23.8,15.8,28,5,2
10,5,RB Player 5,TEAM5,RB,23.8,15.8,34,8,2
11,3,RB Player 3,TEAM3,RB,23.7,15.7,22,6,2
12,1,WR Player 1,TEAM1,WR,21.7,15.7,87,4,1
13,4,RB Player 4,TEAM4,RB,23.5,15.5,27,7,2
14,2,WR Player 2,TEAM2,WR,21.5,15.5,89,5,1
15,3,WR Player 3,TEAM3,WR,21.3,15.3,82,6,1
16,5,WR Player 5,TEAM5,WR,21.1,15.1,85,8,1
17,6,WR Player 6,TEAM6,WR,21.0,15.0,86,9,1
18,4,WR Player 4,TEAM4,WR,20.8,14.8,83,7,1
19,8,QB Player 8,TEAM8,QB,26.5,14.5,9,11,2
20,6,RB Player 6,TEAM6,RB,22.5,14.5,25,9,3
21,10,RB Player 10,TEAM10,RB,22.4,14.4,34,13,3
22,8,WR Player 8,TEAM8,WR,20.4,14.4,92,11,1
23,7,RB Player 7,TEAM7,RB,22.3,14.3,32,10,3
24,9,WR Player 9,TEAM9,WR,20.3,14.3,94,12,1
25,8,RB Player 8,TEAM8,RB,22.2,14.2,30,11,3
26,10,WR Player 10,TEAM10,WR,20.2,14.2,95,13,1
27,9,QB Player 9,TEAM9,QB,26.1,14.1,11,12,2
28,9,RB Player 9,TEAM9,RB,21.9,13.9,32,12,3
29,7,WR Player 7,TEAM7,WR,19.7,13.7,89,10,1
30,11,RB Player 11,TEAM11,RB,21.6,13.6,37,14,3
31,1,TE Player 1,TEAM1,TE,17.6,13.6,159,4,1
32,2,TE Player 2,TEAM2,TE,17.3,13.3,163,5,1
33,12,RB Player 12,TEAM12,RB,21.1,13.1,33,15,3
34,12,WR Player 12,TEAM12,WR,19.1,13.1,92,15,2
35,10,QB Player 10,TEAM10,QB,25.0,13.0,11,13,2
36,11,WR Player 11,TEAM11,WR,19.0,13.0,97,14,2
37,15,WR Player 15,TEAM15,WR,19.0,13.0,102,4,2
38,13,RB Player 13,TEAM13,RB,20.8,12.8,39,16,3
39,14,RB Player 14,TEAM14,RB,20.6,12.6,38,17,3
40,14,WR Player 14,TEAM14,WR,18.5,12.5,96,17,2
41,13,WR Player 13,TEAM13,WR,18.4,12.4,97,16,2
42,3,TE Player 3,TEAM3,TE,16.4,12.4,160,6,1
43,16,WR Player 16,TEAM16,WR,18.1,12.1,95,5,2
44,4,TE Player 4,TEAM4,TE,16.1,12.1,160,7,1
45,11,QB Player 11,TEAM11,QB,23.7,11.7,7,14,2
46,16,RB Player 16,TEAM16,RB,19.7,11.7,40,5,4
47,5,TE Player 5,TEAM5,TE,15.7,11.7,162,8,1
48,17,WR Player 17,TEAM17,WR,17.3,11.3,106,6,3
49,12,QB Player 12,TEAM12,QB,23.2,11.2,15,15,2
50,15,RB Player 15,TEAM15,RB,19.1,11.1,37,4,4
51,18,RB Player 18,TEAM18,RB,19.1,11.1,46,7,4
52,17,RB Player 17,TEAM17,RB,19.0,11.0,46,6,4
53,18,WR Player 18,TEAM18,WR,16.9,10.9,101,7,3
54,19,WR Player 19,TEAM19,WR,16.7,10.7,103,8,3
55,21,WR Player 21,TEAM21,WR,16.5,10.5,107,10,3
56,20,WR Player 20,TEAM20,WR,16.4,10.4,102,9,3
57,20,RB Player 20,TEAM20,RB,18.3,10.3,39,9,5
58,24,WR Player 24,TEAM24,WR,16.3,10.3,106,13,3
59,19,RB Player 19,TEAM19,RB,18.2,10.2,38,8,5
60,22,WR Player 22,TEAM22,WR,15.9,9.9,107,11,3
61,23,WR Player 23,TEAM23,WR,15.9,9.9,105,12,3
62,25,WR Player 25,TEAM25,WR,15.7,9.7,114,14,3
63,21,RB Player 21,TEAM21,RB,17.6,9.6,42,10,5
64,22,RB Player 22,TEAM22,RB,17.6,9.6,45,11,5
65,6,TE Player 6,TEAM6,TE,13.5,9.5,163,9,2
66,13,QB Player 13,TEAM13,QB,21.1,9.1,15,16,3
67,26,WR Player 26,TEAM26,WR,15.0,9.0,113,15,4
68,7,TE Player 7,TEAM7,TE,13.0,9.0,162,10,2
69,24,RB Player 24,TEAM24,RB,16.8,8.8,53,13,6
70,25,RB Player 25,TEAM25,RB,16.8,8.8,54,14,6
71,23,RB Player 23,TEAM23,RB,16.6,8.6,52,12,6
72,27,WR Player 27,TEAM27,WR,14.4,8.4,109,16,5
73,26,RB Player 26,TEAM26,RB,16.2,8.2,53,15,6
74,8,TE Player 8,TEAM8,TE,12.2,8.2,160,11,2
75,14,QB Player 14,TEAM14,QB,20.1,8.1,11,17,3
76,29,WR Player 29,TEAM29,WR,14.1,8.1,109,4,5
77,28,WR Player 28,TEAM28,WR,14.0,8.0,117,17,5
78,15,QB Player 15,TEAM15,QB,19.9,7.9,12,4,3
79,31,WR Player 31,TEAM31,WR,13.9,7.9,116,6,5
80,9,TE Player 9,TEAM9,TE,11.9,7.9,170,12,2
81,32,WR Player 32,TEAM32,WR,13.8,7.8,120,7,5
82,33,WR Player 33,TEAM1,WR,13.5,7.5,118,8,5
83,29,RB Player 29,TEAM29,RB,15.3,7.3,50,4,7
84,30,RB Player 30,TEAM30,RB,15.3,7.3,58,5,7
85,34,WR Player 34,TEAM2,WR,13.2,7.2,122,9,5
86,30,WR Player 30,TEAM30,WR,13.1,7.1,111,5,5
87,28,RB Player 28,TEAM28,RB,14.5,6.5,56,17,8
88,16,QB Player 16,TEAM16,QB,18.3,6.3,15,5,3
89,27,RB Player 27,TEAM27,RB,14.1,6.1,54,16,8
90,35,WR Player 35,TEAM3,WR,12.1,6.1,124,10,6
91,10,TE Player 10,TEAM10,TE,9.9,5.9,164,13,3
92,40,WR Player 40,TEAM8,WR,11.8,5.8,119,15,6
93,31,RB Player 31,TEAM31,RB,13.7,5.7,57,6,8
94,37,WR Player 37,TEAM5,WR,11.7,5.7,117,12,6
95,35,RB Player 35,TEAM3,RB,13.5,5.5,60,10,8
96,32,RB Player 32,TEAM32,RB,13.4,5.4,53,7,8
97,33,RB Player 33,TEAM1,RB,13.4,5.4,53,8,8
98,34,RB Player 34,TEAM2,RB,13.4,5.4,55,9,8
99,17,QB Player 17,TEAM17,QB,17.3,5.3,20,6,3
100,36,WR Player 36,TEAM4,WR,11.3,5.3,116,11,6
101,42,WR Player 42,TEAM10,WR,11.3,5.3,131,17,6
102,39,WR Player 39,TEAM7,WR,11.2,5.2,126,14,6
103,12,TE Player 12,TEAM12,TE,8.9,4.9,171,15,3
104,38,WR Player 38,TEAM6,WR,10.8,4.8,126,13,6
105,41,WR Player 41,TEAM9,WR,10.8,4.8,125,16,6
106,11,TE Player 11,TEAM11,TE,8.7,4.7,165,14,3
107,36,RB Player 36,TEAM4,RB,12.6,4.6,64,11,9
108,18,QB Player 18,TEAM18,QB,16.1,4.1,19,7,3
109,46,WR Player 46,TEAM14,WR,10.0,4.0,134,7,7
110,43,WR Player 43,TEAM11,WR,9.9,3.9,124,4,7
111,44,WR Player 44,TEAM12,WR,9.8,3.8,130,5,7
112,14,TE Player 14,TEAM14,TE,7.7,3.7,171,17,3
113,38,RB Player 38,TEAM6,RB,11.6,3.6,62,13,10
114,45,WR Player 45,TEAM13,WR,9.5,3.5,125,6,7
115,13,TE Player 13,TEAM13,TE,7.5,3.5,169,16,3
116,37,RB Player 37,TEAM5,RB,11.3,3.3,63,12,10
117,19,QB Player 19,TEAM19,QB,15.2,3.2,21,8,3
118,39,RB Player 39,TEAM7,RB,11.1,3.1,68,14,10
119,47,WR Player 47,TEAM15,WR,9.1,3.1,130,8,7
120,48,WR Player 48,TEAM16,WR,9.1,3.1,133,9,7
121,50,WR Player 50,TEAM18,WR,8.8,2.8,139,11,7
122,49,WR Player 49,TEAM17,WR,8.6,2.6,130,10,7
123,40,RB Player 40,TEAM8,RB,10.4,2.4,63,15,11
124,15,TE Player 15,TEAM15,TE,6.4,2.4,170,4,3
125,41,RB Player 41,TEAM9,RB,10.3,2.3,67,16,11
126,51,WR Player 51,TEAM19,WR,8.3,2.3,131,12,7
127,16,TE Player 16,TEAM16,TE,6.1,2.1,170,5,3
128,52,WR Player 52,TEAM20,WR,7.9,1.9,137,13,7
129,44,RB Player 44,TEAM12,RB,9.8,1.8,63,5,11
130,20,QB Player 20,TEAM20,QB,13.6,1.6,25,9,3
131,42,RB Player 42,TEAM10,RB,9.5,1.5,67,17,11
132,56,WR Player 56,TEAM24,WR,7.5,1.5,144,17,7
133,57,WR Player 57,TEAM25,WR,7.5,1.5,137,4,7
134,53,WR Player 53,TEAM21,WR,7.4,1.4,132,14,7
135,54,WR Player 54,TEAM22,WR,7.1,1.1,143,15,7
136,21,QB Player 21,TEAM21,QB,13.0,1.0,18,10,3
137,43,RB Player 43,TEAM11,RB,9.0,1.0,70,4,11
138,17,TE Player 17,TEAM17,TE,5.0,1.0,174,6,3
139,45,RB Player 45,TEAM13,RB,8.8,0.8,64,6,11
140,55,WR Player 55,TEAM23,WR,6.8,0.8,134,16,7
141,48,RB Player 48,TEAM16,RB,8.3,0.3,68,9,11
142,49,RB Player 49,TEAM17,RB,8.2,0.2,71,10,11
143,46,RB Player 46,TEAM14,RB,8.0,0.0,74,7,11
144,47,RB Player 47,TEAM15,RB,7.9,-0.1,76,8,11
145,59,WR Player 59,TEAM27,WR,5.7,-0.3,140,6,8
146,60,WR Player 60,TEAM28,WR,5.4,-0.6,143,7,8
147,22,QB Player 22,TEAM22,QB,11.3,-0.7,21,11,3
148,61,WR Player 61,TEAM29,WR,5.3,-0.7,140,8,8
149,18,TE Player 18,TEAM18,TE,3.3,-0.7,178,7,4
150,62,WR Player 62,TEAM30,WR,5.2,-0.8,145,9,8
151,50,RB Player 50,TEAM18,RB,7.1,-0.9,75,11,12
152,58,WR Player 58,TEAM26,WR,5.0,-1.0,145,5,8
153,65,WR Player 65,TEAM1,WR,5.0,-1.0,150,12,8
154,23,QB Player 23,TEAM23,QB,10.9,-1.1,23,12,3
155,51,RB Player 51,TEAM19,RB,6.8,-1.2,73,12,12
156,63,WR Player 63,TEAM31,WR,4.8,-1.2,146,10,8
157,20,TE Player 20,TEAM20,TE,2.7,-1.3,181,9,4
158,64,WR Player 64,TEAM32,WR,4.6,-1.4,145,11,8
159,53,RB Player 53,TEAM21,RB,6.4,-1.6,80,14,12
160,19,TE Player 19,TEAM19,TE,2.4,-1.6,175,8,4
161,67,WR Player 67,TEAM3,WR,3.9,-2.1,152,14,9
162,52,RB Player 52,TEAM20,RB,5.7,-2.3,80,13,13
163,69,WR Player 69,TEAM5,WR,3.7,-2.3,150,16,9
164,54,RB Player 54,TEAM22,RB,5.4,-2.6,79,15,13
165,66,WR Player 66,TEAM2,WR,3.4,-2.6,151,13,9
166,68,WR Player 68,TEAM4,WR,3.4,-2.6,155,15,9
167,55,RB Player 55,TEAM23,RB,5.3,-2.7,74,16,13
168,72,WR Player 72,TEAM8,WR,2.9,-3.1,161,5,9
169,24,QB Player 24,TEAM24,QB,8.6,-3.4,25,13,4
170,70,WR Player 70,TEAM6,WR,2.6,-3.4,151,17,9
171,56,RB Player 56,TEAM24,RB,4.4,-3.6,84,17,14
172,57,RB Player 57,TEAM25,RB,4.4,-3.6,78,4,14
173,60,RB Player 60,TEAM28,RB,4.2,-3.8,82,7,14
174,58,RB Player 58,TEAM26,RB,4.1,-3.9,84,5,14
175,71,WR Player 71,TEAM7,WR,2.0,-4.0,152,4,10
176,59,RB Player 59,TEAM27,RB,3.5,-4.5,84,6,14
