overall_rank,player_name,position,team,predicted_points,raw_vor,vor
1,Jahmyr Gibbs,RB,DET,37.76128065749322,14.416681030214555,21.625021545321832
2,Saquon Barkley,RB,PHI,37.42028119571893,14.075681568440267,21.1135223526604
3,Ja'Marr Chase,WR,CIN,37.580382153912424,16.607739711448428,19.92928765373811
4,Bijan Robinson,RB,ATL,35.188207041380196,11.843607414101534,17.7654111211523
5,Josh Jacobs,RB,GB,34.1115753193334,10.766975692054736,16.150463538082104
6,Derrick Henry,RB,BAL,33.48268648815775,10.138086860879092,15.207130291318638
7,Justin Jefferson,WR,MIN,32.736070986345545,11.763428543881549,14.116114252657859
8,De'Von Achane,RB,MIA,32.700123026073285,9.355523398794624,14.033285098191936
9,Amon-Ra St. Brown,WR,DET,32.21831637343123,11.245673930967232,13.494808717160678
10,Terry McLaurin,WR,WAS,32.10875184531167,11.136109402847676,13.363331283417212
11,Bucky Irving,RB,TB,32.102547930625896,8.757948303347234,13.136922455020851
12,Joe Mixon,RB,HOU,32.09281459942979,8.748214972151132,13.122322458226698
13,Aaron Jones,RB,MIN,31.75738896072721,8.412789333448547,12.61918400017282
14,Kyren Williams,RB,LA,31.570498402680727,8.225898775402065,12.338848163103098
15,Brock Bowers,TE,LV,24.590022162324413,8.796567946951058,12.31519512573148
16,George Kittle,TE,SF,24.490676215187122,8.697221999813767,12.176110799739273
17,David Montgomery,RB,DET,31.373985441425233,8.029385814146572,12.044078721219858
18,Drake London,WR,ATL,30.813636611209024,9.840994168745027,11.809193002494032
19,Brian Thomas Jr.,WR,JAX,30.577552222370493,9.604909779906496,11.525891735887795
20,James Cook,RB,BUF,30.893564549620738,7.548964922342076,11.323447383513114
21,Malik Nabers,WR,NYG,30.03153332885484,9.058890886390845,10.870669063669014
22,Jonathan Taylor,RB,IND,30.562991892608515,7.218392265329854,10.82758839799478
23,Trey McBride,TE,ARI,23.5044008060122,7.710946590638844,10.79532522689438
24,Garrett Wilson,WR,NYJ,29.476824263393123,8.504181820929126,10.205018185114952
25,Lamar Jackson,QB,BAL,46.724320316775646,11.146076316649058,10.031468684984153
26,Baker Mayfield,QB,TB,46.5331027950383,10.954858794911715,9.859372915420543
27,Courtland Sutton,WR,DEN,29.08136757815603,8.108725135692033,9.73047016283044
28,Alvin Kamara,RB,NO,29.802309265181286,6.457709637902624,9.686564456853937
29,Ladd McConkey,WR,LAC,29.027903252201135,8.055260809737138,9.666312971684565
30,A.J. Brown,WR,PHI,28.903911109295205,7.931268666831208,9.51752240019745
31,Joe Burrow,QB,CIN,45.73086696498167,10.152622964855084,9.137360668369576
32,Breece Hall,RB,NYJ,29.260907721837274,5.916308094558612,8.874462141837919
33,Chuba Hubbard,RB,CAR,29.188044482412455,5.843444855133793,8.76516728270069
34,Jaxon Smith-Njigba,WR,SEA,28.025423185449593,7.052780742985597,8.463336891582715
35,Chase Brown,RB,CIN,28.921585681182826,5.5769860539041645,8.365479080856247
36,CeeDee Lamb,WR,DAL,27.76947510375619,6.796832661292193,8.15619919355063
37,James Conner,RB,ARI,27.962167329069505,4.617567701790843,6.926351552686265
38,Jared Goff,QB,DET,42.87599237815641,7.297748378029823,6.56797354022684
39,Mark Andrews,TE,BAL,20.327204147247382,4.533749931874027,6.347249904623638
40,Jordan Addison,WR,MIN,25.879106859213934,4.906464416749937,5.887757300099925
41,Mike Evans,WR,TB,25.730027995264038,4.7573855528000415,5.708862663360049
42,Tee Higgins,WR,CIN,25.678000125728445,4.705357683264449,5.646429219917338
43,Jonnu Smith,TE,MIA,19.693774064867718,3.9003198494943625,5.4604477892921075
44,Najee Harris,RB,PIT,26.7972881983315,3.452688571052839,5.1790328565792585
45,Davante Adams,WR,NYJ,25.257528865857157,4.284886423393161,5.141863708071793
46,Nico Collins,WR,HOU,25.057042696121247,4.08440025365725,4.9012803043887
47,DeVonta Smith,WR,PHI,24.89784498540782,3.925202542943822,4.710243051532586
48,D'Andre Swift,RB,CHI,26.3959288753812,3.0513292481025367,4.576993872153805
49,Jameson Williams,WR,DET,24.78028589522417,3.807643452760175,4.569172143312209
50,Marvin Harrison Jr.,WR,ARI,24.768826922471334,3.796184480007337,4.5554213760088045
51,Sam Darnold,QB,MIN,40.61391003367999,5.0356660335534045,4.532099430198064
52,Jerry Jeudy,WR,CLE,24.507170235773714,3.5345277933097172,4.2414333519716605
53,Tyrone Tracy Jr.,RB,NYG,26.04816315251069,2.7035635252320276,4.055345287848041
54,Sam LaPorta,TE,DET,18.65838039356249,2.8649261781891333,4.010896649464787
55,Keenan Allen,WR,CHI,24.11448287942388,3.141840436959882,3.770208524351858
56,Josh Allen,QB,BUF,39.75893312175573,4.180689121629143,3.762620209466229
57,J.K. Dobbins,RB,LAC,25.451036183140126,2.106436555861464,3.159654833792196
58,Travis Kelce,TE,KC,18.012186428172857,2.2187322127995017,3.1062250979193022
59,DJ Moore,WR,CHI,23.548975952155704,2.5763335096917075,3.0916002116300487
60,Pat Freiermuth,TE,PIT,17.885643415011295,2.0921891996379394,2.929064879493115
61,Zach Ertz,TE,WAS,17.83966279338984,2.0462085780164863,2.8646920092230808
62,Rhamondre Stevenson,RB,NE,25.24852282608208,1.9039231988034189,2.8558847982051283
63,Jayden Daniels,QB,WAS,38.729641761961474,3.151397761834886,2.8362579856513976
64,Tony Pollard,RB,TEN,25.21015753470574,1.8655579074270783,2.7983368611406174
65,Jauan Jennings,WR,SF,23.28050472253816,2.307862280074165,2.7694347360889977
66,Tyreek Hill,WR,MIA,23.26389353565512,2.291251093191125,2.74950131182935
67,Jayden Reed,WR,GB,23.087560207956685,2.114917765492688,2.5379013185912256
68,Alec Pierce,WR,IND,22.995586907904766,2.0229444654407693,2.427533358528923
69,Rashod Bateman,WR,BAL,22.764680055788023,1.7920376133240268,2.150445135988832
70,Geno Smith,QB,SEA,37.731824885457364,2.1535808853307756,1.9382227967976982
71,Rico Dowdle,RB,DAL,24.5205447844546,1.1759451571759385,1.7639177357639078
72,Brian Robinson,RB,WAS,24.507678472320972,1.1630788450423104,1.7446182675634656
73,Tank Bigsby,RB,JAX,24.507678472320972,1.1630788450423104,1.7446182675634656
74,Tucker Kraft,TE,GB,17.019746865776348,1.2262926504029927,1.7168097105641897
75,Kyler Murray,QB,ARI,36.97827137854243,1.4000273784158423,1.2600246405742581
76,Cade Otton,TE,TB,16.682919778346378,0.8894655629730224,1.2452517881622311
77,David Njoku,TE,CLE,16.48181587779842,0.6883616624250664,0.9637063273950929
78,Patrick Mahomes,QB,KC,36.0846231586023,0.5063791584757098,0.4557412426281388
79,Bo Nix,QB,DEN,36.039736526918865,0.46149252679227715,0.41534327411304944
80,Kenneth Walker III,RB,SEA,23.586446485658037,0.24184685837937536,0.36277028756906304
81,Justin Herbert,QB,LAC,35.63585380000309,0.057609799876502166,0.05184881988885195
82,Zach Charbonnet,RB,SEA,23.36446474864334,0.019865121364677663,0.029797682047016494
83,Brock Purdy,QB,SF,35.57824400012659,0.0,0.0
84,Mike Gesicki,TE,CIN,15.793454215373355,0.0,0.0
85,Rachaad White,RB,TB,23.34459962727866,0.0,0.0
86,DK Metcalf,WR,SEA,20.972642442463997,0.0,0.0
87,Hunter Henry,TE,NE,15.688099749824971,-0.10535446554838401,-0.14749625176773762
88,Darnell Mooney,WR,ATL,20.82994611050846,-0.14269633195553766,-0.17123559834664517
89,Josh Downs,WR,IND,20.813444731750568,-0.15919771071342836,-0.19103725285611403
90,Jakobi Meyers,WR,LV,20.574785120599255,-0.3978573218647412,-0.4774287862376894
91,Jalen Hurts,QB,PHI,34.90181582604328,-0.6764281740833056,-0.608785356674975
92,Xavier Worthy,WR,KC,20.357909810915313,-0.6147326315486836,-0.7376791578584203
93,Puka Nacua,WR,LA,20.279083635410597,-0.6935588070533996,-0.8322705684640794
94,Calvin Ridley,WR,TEN,20.202933103633598,-0.769709338830399,-0.9236512065964788
95,Quentin Johnston,WR,LAC,20.16621069553042,-0.8064317469335762,-0.9677180963202914
96,Zay Flowers,WR,BAL,20.10271385764451,-0.8699285848194869,-1.0439143017833843
97,Khalil Shakir,WR,BUF,20.07631207776503,-0.8963303646989651,-1.0755964376387581
98,Aaron Rodgers,QB,NYJ,34.3451263579549,-1.2331176421716847,-1.1098058779545164
99,George Pickens,WR,PIT,20.02336949322262,-0.9492729492413758,-1.139127539089651
100,Kyle Pitts,TE,ATL,14.956660673944834,-0.8367935414285217,-1.1715109579999303
101,Caleb Williams,QB,CHI,34.14152359884439,-1.4367204012822015,-1.2930483611539814
102,Juwan Johnson,TE,NO,14.853564938244794,-0.939889277128561,-1.3158449879799852
103,Jake Ferguson,TE,DAL,14.847424781329543,-0.9460294340438118,-1.3244412076613363
104,Michael Pittman,WR,IND,19.840084094083902,-1.132558348380094,-1.3590700180561128
105,Jordan Mason,RB,SF,22.409349866822136,-0.9352497604565251,-1.4028746406847876
106,Cooper Kupp,WR,LA,19.67554573528888,-1.2970967071751183,-1.556516048610142
107,Nick Westbrook-Ikhine,WR,TEN,19.54397764551832,-1.4286647969456752,-1.71439775633481
108,Jalen McMillan,WR,TB,19.402508019246543,-1.5701344232174534,-1.884161307860944
109,Tyler Conklin,TE,NYJ,14.356022231656834,-1.4374319837165217,-2.0124047772031304
110,Jalen Tolbert,WR,DAL,19.17045850712318,-1.8021839353408176,-2.162620722408981
111,Demarcus Robinson,WR,LA,19.17045850712318,-1.8021839353408176,-2.162620722408981
112,Dalton Schultz,TE,HOU,14.207707042169764,-1.5857471732035915,-2.220046042485028
113,Isaiah Likely,TE,BAL,14.079912635769361,-1.7135415796039943,-2.398958211445592
114,Jaylen Waddle,WR,MIA,18.937986951672745,-2.034655490791252,-2.441586588949502
115,Cole Kmet,TE,CHI,13.840782612015781,-1.9526716033575742,-2.733740244700604
116,Chig Okonkwo,TE,TEN,13.660843463938576,-2.132610751434779,-2.98565505200869
117,Rome Odunze,WR,CHI,18.416006758463304,-2.5566356840006925,-3.067962820800831
118,Marvin Mims Jr.,WR,DEN,18.37528629708277,-2.5973561453812266,-3.116827374457472
119,Jordan Love,QB,GB,32.08218587614774,-3.496058123978848,-3.1464523115809633
120,Will Dissly,TE,LAC,13.514469546121711,-2.278984669251644,-3.190578536952301
121,C.J. Stroud,QB,HOU,31.898529652415704,-3.6797143477108847,-3.3117429129397964
122,Austin Hooper,TE,NE,13.357926942164445,-2.43552727320891,-3.409738182492474
123,Allen Lazard,WR,NYJ,18.080971058267295,-2.8916713841967017,-3.470005661036042
124,Noah Gray,TE,KC,13.31240904963729,-2.481045165736065,-3.4734632320304906
125,Andrei Iosivas,WR,CIN,18.018705331575184,-2.9539371108888126,-3.544724533066575
126,Javonte Williams,RB,DEN,20.829267023188866,-2.515332604089796,-3.772998906134694
127,Kareem Hunt,RB,KC,20.727322963266868,-2.6172766640117935,-3.9259149960176902
128,Noah Fant,TE,SEA,12.836718544746365,-2.9567356706269905,-4.139429938877787
129,Matthew Stafford,QB,LA,30.78486894373257,-4.793375056394019,-4.314037550754618
130,Dallas Goedert,TE,PHI,12.665081440604048,-3.128372774769307,-4.379721884677029
131,Dalton Kincaid,TE,BUF,12.65312124631812,-3.140332969055235,-4.396466156677329
132,Kirk Cousins,QB,ATL,30.612781871519275,-4.965462128607314,-4.4689159157465825
133,T.J. Hockenson,TE,MIN,12.554851065551556,-3.238603149821799,-4.534044409750518
134,Foster Moreau,TE,NO,12.47094649115818,-3.322507724215175,-4.651510813901244
135,Wan'Dale Robinson,WR,NYG,17.007039248063883,-3.9656031944001136,-4.758723833280136
136,Evan Engram,TE,JAX,12.260480035258906,-3.532974180114449,-4.946163852160228
137,Jaylen Warren,RB,PIT,19.92186858181801,-3.422731045460651,-5.1340965681909765
138,Brenton Strange,TE,JAX,12.088510221638122,-3.704943993735233,-5.186921591229326
139,Jordan Akins,TE,CLE,12.088510221638122,-3.704943993735233,-5.186921591229326
140,Jalen Nailor,WR,MIN,16.468244298446045,-4.5043981440179515,-5.405277772821542
141,DeAndre Hopkins,WR,KC,16.408013317931328,-4.564629124532669,-5.477554949439202
142,Demario Douglas,WR,NE,16.3339355369982,-4.638706905465796,-5.566448286558955
143,Alexander Mattison,RB,LV,19.511022228244403,-3.833577399034258,-5.750366098551387
144,Justice Hill,RB,BAL,19.48815886326574,-3.8564407640129232,-5.784661146019385
145,Anthony Richardson,QB,IND,29.117116068577122,-6.461127931549466,-5.81501513839452
146,Ray-Ray McCloud,WR,ATL,16.085021866115053,-4.887620576348944,-5.865144691618732
147,Tua Tagovailoa,QB,MIA,28.903061568188484,-6.675182431938104,-6.007664188744294
148,Elijah Moore,WR,CLE,15.964722832615099,-5.007919609848898,-6.009503531818678
149,Chris Godwin,WR,TB,15.844015166064896,-5.128627276399101,-6.15435273167892
150,Adam Thielen,WR,CAR,15.844015166064896,-5.128627276399101,-6.15435273167892
151,Travis Etienne,RB,JAX,19.152500550423404,-4.192099076855257,-6.288148615282886
152,Drake Maye,QB,NE,28.583321164443607,-6.994922835682981,-6.295430552114683
153,Xavier Legette,WR,CAR,15.379124085225849,-5.593518357238148,-6.712222028685777
154,Christian Watson,WR,GB,15.32538508359014,-5.647257358873857,-6.776708830648627
155,Darius Slayton,WR,NYG,15.32538508359014,-5.647257358873857,-6.776708830648627
156,Austin Ekeler,RB,WAS,18.824467683911614,-4.520131943367048,-6.780197915050572
157,Bryce Young,QB,CAR,27.87762601357885,-7.700617986547737,-6.930556187892964
158,Tre Tucker,WR,LV,15.193470296898122,-5.779172145565875,-6.93500657467905
159,Deebo Samuel Sr.,WR,SF,15.189686996677535,-5.782955445786461,-6.939546534943753
160,Tank Dell,WR,HOU,15.127948304844287,-5.84469413761971,-7.0136329651436515
161,Amari Cooper,WR,BUF,15.106882512079356,-5.865759930384641,-7.038911916461569
162,Calvin Austin III,WR,PIT,15.106882512079356,-5.865759930384641,-7.038911916461569
163,Michael Wilson,WR,ARI,15.106882512079356,-5.865759930384641,-7.038911916461569
164,Romeo Doubs,WR,GB,15.106882512079356,-5.865759930384641,-7.038911916461569
165,Keon Coleman,WR,BUF,15.106882512079356,-5.865759930384641,-7.038911916461569
166,Stefon Diggs,WR,HOU,15.102960540832887,-5.869681901631109,-7.043618281957331
167,Jerome Ford,RB,CLE,18.601518079776763,-4.743081547501898,-7.114622321252847
168,Josh Palmer,WR,LAC,15.037438548779052,-5.935203893684944,-7.122244672421933
169,Olamide Zaccheaus,WR,WAS,15.037438548779052,-5.935203893684944,-7.122244672421933
170,Kayshon Boutte,WR,NE,15.037438548779052,-5.935203893684944,-7.122244672421933
171,Tutu Atwell,WR,LA,15.037438548779052,-5.935203893684944,-7.122244672421933
172,Tyler Lockett,WR,SEA,15.037438548779052,-5.935203893684944,-7.122244672421933
173,Noah Brown,WR,WAS,14.975172822086941,-5.997469620377055,-7.196963544452466
174,Jalen Coker,WR,CAR,14.975172822086941,-5.997469620377055,-7.196963544452466
175,Devaughn Vele,WR,DEN,14.975172822086941,-5.997469620377055,-7.196963544452466
176,Jaleel McLaughlin,RB,DEN,18.52466782119942,-4.819931806079243,-7.229897709118864
177,Dontayvion Wicks,WR,GB,14.904477539181935,-6.068164903282062,-7.281797883938474
178,Justin Fields,QB,PIT,27.43480242279234,-8.143441577334247,-7.3290974196008225
179,Samaje Perine,RB,KC,18.396905075212388,-4.947694552066274,-7.421541828099411
180,Ty Johnson,RB,BUF,18.308978799317465,-5.035620827961196,-7.553431241941794
181,Roschon Johnson,RB,CHI,18.281326372668286,-5.063273254610376,-7.594909881915564
182,Ameer Abdullah,RB,LV,18.26697936622634,-5.077620261052321,-7.616430391578481
183,Russell Wilson,QB,PIT,27.098675139079372,-8.479568861047216,-7.631611974942495
184,Ray Davis,RB,BUF,18.217325423269536,-5.127274204009126,-7.690911306013689
185,Cam Akers,RB,MIN,18.217325423269536,-5.127274204009126,-7.690911306013689
186,KaVontae Turpin,WR,DAL,14.475077127055341,-6.4975653154086555,-7.7970783784903865
187,Mack Hollins,WR,BUF,14.266332773945761,-6.7063096685182355,-8.047571602221883
188,Dawson Knox,TE,BUF,10.032299034435484,-5.761155180937871,-8.06561725331302
189,AJ Barner,TE,SEA,10.020484168477255,-5.7729700468961,-8.08215806565454
190,Ja'Tavion Sanders,TE,CAR,10.011365049979185,-5.78208916539417,-8.094924831551838
191,Theo Johnson,TE,NYG,10.011365049979185,-5.78208916539417,-8.094924831551838
192,Daniel Jones,QB,MIN,26.55068781189292,-9.027556188233667,-8.1248005694103
193,Derius Davis,WR,LAC,14.15567997429554,-6.816962468168457,-8.180354961802148
194,Ricky Pearsall,WR,SF,14.15567997429554,-6.816962468168457,-8.180354961802148
195,Ashton Dulin,WR,IND,14.15567997429554,-6.816962468168457,-8.180354961802148
196,Malachi Corley,WR,NYJ,14.149311270291152,-6.8233311721728445,-8.187997406607414
197,Dyami Brown,WR,WAS,14.149311270291152,-6.8233311721728445,-8.187997406607414
198,Malik Washington,WR,MIA,14.149311270291152,-6.8233311721728445,-8.187997406607414
199,Xavier Smith,WR,LA,14.149311270291152,-6.8233311721728445,-8.187997406607414
200,DJ Turner,WR,LV,14.149311270291152,-6.8233311721728445,-8.187997406607414
201,Rashid Shaheed,WR,NO,14.149311270291152,-6.8233311721728445,-8.187997406607414
202,Greg Dortch,WR,ARI,14.149311270291152,-6.8233311721728445,-8.187997406607414
203,Tyler Allgeier,RB,ATL,17.87811199488587,-5.466487632392791,-8.199731448589187
204,Will Levis,QB,TEN,26.23628551764806,-9.341958482478528,-8.407762634230675
205,Bo Melton,WR,GB,13.96015123613863,-7.012491206325366,-8.41498944759044
206,Emanuel Wilson,RB,GB,17.731116615802865,-5.613483011475797,-8.420224517213695
207,Devin Singletary,RB,NYG,17.731116615802865,-5.613483011475797,-8.420224517213695
208,Tyler Huntley,QB,MIA,26.21625907090996,-9.361984929216629,-8.425786436294967
209,Marquez Valdes-Scantling,WR,NO,13.93080869878037,-7.041833743683627,-8.450200492420352
210,Trevor Lawrence,QB,JAX,26.184737180975453,-9.393506819151135,-8.454156137236021
211,Deshaun Watson,QB,CLE,26.143961602331967,-9.434282397794622,-8.49085415801516
212,Sterling Shepard,WR,TB,13.89538300365842,-7.0772594388055765,-8.492711326566692
213,Mecole Hardman,WR,KC,13.89538300365842,-7.0772594388055765,-8.492711326566692
214,Drew Lock,QB,NYG,26.141409496606567,-9.436834503520021,-8.49315105316802
215,Malik Willis,QB,GB,26.10171059801863,-9.476533402107957,-8.528880061897162
216,Brycen Tremayne,WR,WAS,13.861364735480064,-7.111277706983932,-8.533533248380719
217,James Proche,WR,CLE,13.861364735480064,-7.111277706983932,-8.533533248380719
218,Jalin Hyatt,WR,NYG,13.861364735480064,-7.111277706983932,-8.533533248380719
219,Luke McCaffrey,WR,WAS,13.861364735480064,-7.111277706983932,-8.533533248380719
220,JuJu Smith-Schuster,WR,KC,13.861364735480064,-7.111277706983932,-8.533533248380719
221,Rakim Jarrett,WR,TB,13.861364735480064,-7.111277706983932,-8.533533248380719
222,River Cracraft,WR,MIA,13.861364735480064,-7.111277706983932,-8.533533248380719
223,Ryan Miller,WR,TB,13.861364735480064,-7.111277706983932,-8.533533248380719
224,Josh Reynolds,WR,JAX,13.861364735480064,-7.111277706983932,-8.533533248380719
225,Jake Bobo,WR,SEA,13.861364735480064,-7.111277706983932,-8.533533248380719
226,Tyrell Shavers,WR,BUF,13.861364735480064,-7.111277706983932,-8.533533248380719
227,Ronnie Bell,WR,SF,13.861364735480064,-7.111277706983932,-8.533533248380719
228,Jalen Brooks,WR,DAL,13.861364735480064,-7.111277706983932,-8.533533248380719
229,Zay Jones,WR,ARI,13.861364735480064,-7.111277706983932,-8.533533248380719
230,Mike Williams,WR,PIT,13.861364735480064,-7.111277706983932,-8.533533248380719
231,Laviska Shenault Jr.,WR,LAC,13.861364735480064,-7.111277706983932,-8.533533248380719
232,David Moore,WR,CAR,13.861364735480064,-7.111277706983932,-8.533533248380719
233,Tyler Johnson,WR,LA,13.861364735480064,-7.111277706983932,-8.533533248380719
234,John Ross,WR,PHI,13.861364735480064,-7.111277706983932,-8.533533248380719
235,Braxton Berrios,WR,MIA,13.861364735480064,-7.111277706983932,-8.533533248380719
236,Kendrick Bourne,WR,NE,13.861364735480064,-7.111277706983932,-8.533533248380719
237,Rashee Rice,WR,KC,13.861364735480064,-7.111277706983932,-8.533533248380719
238,DJ Chark,WR,LAC,13.861364735480064,-7.111277706983932,-8.533533248380719
239,Christian Kirk,WR,JAX,13.861364735480064,-7.111277706983932,-8.533533248380719
240,Brandon Powell,WR,MIN,13.861364735480064,-7.111277706983932,-8.533533248380719
241,Trent Sherfield,WR,MIN,13.861364735480064,-7.111277706983932,-8.533533248380719
242,Malik Heath,WR,GB,13.861364735480064,-7.111277706983932,-8.533533248380719
243,Bryce Ford-Wheaton,WR,NYG,13.861364735480064,-7.111277706983932,-8.533533248380719
244,Xavier Gipson,WR,NYJ,13.861364735480064,-7.111277706983932,-8.533533248380719
245,Grant DuBose,WR,MIA,13.861364735480064,-7.111277706983932,-8.533533248380719
246,Nikko Remigio,WR,KC,13.861364735480064,-7.111277706983932,-8.533533248380719
247,David Bell,WR,CLE,13.861364735480064,-7.111277706983932,-8.533533248380719
248,Trey Palmer,WR,TB,13.861364735480064,-7.111277706983932,-8.533533248380719
249,Tim Patrick,WR,DET,13.861364735480064,-7.111277706983932,-8.533533248380719
250,Tom Kennedy,WR,DET,13.861364735480064,-7.111277706983932,-8.533533248380719
251,Alex Bachman,WR,LV,13.861364735480064,-7.111277706983932,-8.533533248380719
252,Chris Olave,WR,NO,13.861364735480064,-7.111277706983932,-8.533533248380719
253,Van Jefferson,WR,PIT,13.861364735480064,-7.111277706983932,-8.533533248380719
254,Collin Johnson,WR,CHI,13.861364735480064,-7.111277706983932,-8.533533248380719
255,Chris Blair,WR,ATL,13.861364735480064,-7.111277706983932,-8.533533248380719
256,Tim Jones,WR,JAX,13.861364735480064,-7.111277706983932,-8.533533248380719
257,Devin Duvernay,WR,JAX,13.861364735480064,-7.111277706983932,-8.533533248380719
258,Charlie Jones,WR,CIN,13.861364735480064,-7.111277706983932,-8.533533248380719
259,Jonathan Mingo,WR,DAL,13.861364735480064,-7.111277706983932,-8.533533248380719
260,Brandon Aiyuk,WR,SF,13.861364735480064,-7.111277706983932,-8.533533248380719
261,Ihmir Smith-Marsette,WR,NYG,13.861364735480064,-7.111277706983932,-8.533533248380719
262,Dee Eskridge,WR,MIA,13.861364735480064,-7.111277706983932,-8.533533248380719
263,Jermaine Burton,WR,CIN,13.861364735480064,-7.111277706983932,-8.533533248380719
264,Anthony Miller,WR,BAL,13.861364735480064,-7.111277706983932,-8.533533248380719
265,Ainias Smith,WR,PHI,13.861364735480064,-7.111277706983932,-8.533533248380719
266,Bryce Oliver,WR,TEN,13.861364735480064,-7.111277706983932,-8.533533248380719
267,Mason Tipton,WR,NO,13.861364735480064,-7.111277706983932,-8.533533248380719
268,Jermaine Jackson,WR,NO,13.861364735480064,-7.111277706983932,-8.533533248380719
269,Kameron Johnson,WR,TB,13.861364735480064,-7.111277706983932,-8.533533248380719
270,Ramel Keyton,WR,LV,13.861364735480064,-7.111277706983932,-8.533533248380719
271,Xavier Weaver,WR,ARI,13.861364735480064,-7.111277706983932,-8.533533248380719
272,Kalif Raymond,WR,DET,13.861364735480064,-7.111277706983932,-8.533533248380719
273,Isaiah Williams,WR,CIN,13.861364735480064,-7.111277706983932,-8.533533248380719
274,Robbie Chosen,WR,MIA,13.861364735480064,-7.111277706983932,-8.533533248380719
275,Ryan Flournoy,WR,DAL,13.861364735480064,-7.111277706983932,-8.533533248380719
276,Casey Washington,WR,ATL,13.861364735480064,-7.111277706983932,-8.533533248380719
277,Jha'Quan Jackson,WR,TEN,13.861364735480064,-7.111277706983932,-8.533533248380719
278,Bub Means,WR,NO,13.861364735480064,-7.111277706983932,-8.533533248380719
279,Jamari Thrash,WR,CLE,13.861364735480064,-7.111277706983932,-8.533533248380719
280,Cedrick Wilson Jr.,WR,NO,13.861364735480064,-7.111277706983932,-8.533533248380719
281,Justin Watson,WR,KC,13.861364735480064,-7.111277706983932,-8.533533248380719
282,Ben Skowronek,WR,PIT,13.861364735480064,-7.111277706983932,-8.533533248380719
283,Parris Campbell,WR,PHI,13.861364735480064,-7.111277706983932,-8.533533248380719
284,Kevin Austin Jr.,WR,NO,13.861364735480064,-7.111277706983932,-8.533533248380719
285,Justyn Ross,WR,KC,13.861364735480064,-7.111277706983932,-8.533533248380719
286,Irvin Charles,WR,NYJ,13.861364735480064,-7.111277706983932,-8.533533248380719
287,Britain Covey,WR,PHI,13.861364735480064,-7.111277706983932,-8.533533248380719
288,Dareke Young,WR,SEA,13.861364735480064,-7.111277706983932,-8.533533248380719
289,Marquise Brown,WR,KC,13.861364735480064,-7.111277706983932,-8.533533248380719
290,Cody White,WR,SEA,13.861364735480064,-7.111277706983932,-8.533533248380719
291,Jordan Whittington,WR,LA,13.861364735480064,-7.111277706983932,-8.533533248380719
292,Anthony Gould,WR,IND,13.861364735480064,-7.111277706983932,-8.533533248380719
293,Gabe Davis,WR,JAX,13.861364735480064,-7.111277706983932,-8.533533248380719
294,Javon Baker,WR,NE,13.861364735480064,-7.111277706983932,-8.533533248380719
295,Tylan Wallace,WR,BAL,13.861364735480064,-7.111277706983932,-8.533533248380719
296,Dan Chisena,WR,CAR,13.861364735480064,-7.111277706983932,-8.533533248380719
297,Simi Fehoko,WR,LAC,13.861364735480064,-7.111277706983932,-8.533533248380719
298,Austin Trammell,WR,JAX,13.861364735480064,-7.111277706983932,-8.533533248380719
299,Xavier Hutchinson,WR,HOU,13.861364735480064,-7.111277706983932,-8.533533248380719
300,Tyler Scott,WR,CHI,13.861364735480064,-7.111277706983932,-8.533533248380719
301,K.J. Osborn,WR,WAS,13.861364735480064,-7.111277706983932,-8.533533248380719
302,Kristian Wilkerson,WR,LV,13.861364735480064,-7.111277706983932,-8.533533248380719
303,Jaelon Darden,WR,SEA,13.861364735480064,-7.111277706983932,-8.533533248380719
304,Mason Kinsey,WR,TEN,13.861364735480064,-7.111277706983932,-8.533533248380719
305,Isaiah Hodgins,WR,NYG,13.861364735480064,-7.111277706983932,-8.533533248380719
306,Kadarius Toney,WR,CLE,13.861364735480064,-7.111277706983932,-8.533533248380719
307,Johnny Wilson,WR,PHI,13.861364735480064,-7.111277706983932,-8.533533248380719
308,Jalen Reagor,WR,LAC,13.861364735480064,-7.111277706983932,-8.533533248380719
309,Jacob Cowing,WR,SF,13.861364735480064,-7.111277706983932,-8.533533248380719
310,Devontez Walker,WR,BAL,13.861364735480064,-7.111277706983932,-8.533533248380719
311,Robert Woods,WR,HOU,13.861364735480064,-7.111277706983932,-8.533533248380719
312,Odell Beckham Jr.,WR,MIA,13.861364735480064,-7.111277706983932,-8.533533248380719
313,Brandin Cooks,WR,DAL,13.861364735480064,-7.111277706983932,-8.533533248380719
314,Ja'Lynn Polk,WR,NE,13.861364735480064,-7.111277706983932,-8.533533248380719
315,Allen Robinson,WR,DET,13.861364735480064,-7.111277706983932,-8.533533248380719
316,Nelson Agholor,WR,BAL,13.861364735480064,-7.111277706983932,-8.533533248380719
317,DeAndre Carter,WR,CHI,13.861364735480064,-7.111277706983932,-8.533533248380719
318,Adonai Mitchell,WR,IND,13.861364735480064,-7.111277706983932,-8.533533248380719
319,Jamison Crowder,WR,WAS,13.861364735480064,-7.111277706983932,-8.533533248380719
320,Troy Franklin,WR,DEN,13.861364735480064,-7.111277706983932,-8.533533248380719
321,Skyy Moore,WR,KC,13.861364735480064,-7.111277706983932,-8.533533248380719
322,Trent Taylor,WR,SF,13.861364735480064,-7.111277706983932,-8.533533248380719
323,Chris Conley,WR,SF,13.861364735480064,-7.111277706983932,-8.533533248380719
324,Curtis Samuel,WR,BUF,13.861364735480064,-7.111277706983932,-8.533533248380719
325,John Metchie III,WR,HOU,13.861364735480064,-7.111277706983932,-8.533533248380719
326,Tyler Boyd,WR,TEN,13.861364735480064,-7.111277706983932,-8.533533248380719
327,Terrace Marshall Jr.,WR,LV,13.861364735480064,-7.111277706983932,-8.533533248380719
328,Lil'Jordan Humphrey,WR,DEN,13.861364735480064,-7.111277706983932,-8.533533248380719
329,Mike Woods,WR,CLE,13.861364735480064,-7.111277706983932,-8.533533248380719
330,Tanner Conner,WR,MIA,13.861364735480064,-7.111277706983932,-8.533533248380719
331,Brandon Johnson,WR,PIT,13.861364735480064,-7.111277706983932,-8.533533248380719
332,Kendric Pryor,WR,CIN,13.861364735480064,-7.111277706983932,-8.533533248380719
333,Deven Thompkins,WR,CAR,13.861364735480064,-7.111277706983932,-8.533533248380719
334,Tay Martin,WR,TEN,13.861364735480064,-7.111277706983932,-8.533533248380719
335,Trenton Irwin,WR,CAR,13.861364735480064,-7.111277706983932,-8.533533248380719
336,Tyquan Thornton,WR,KC,13.861364735480064,-7.111277706983932,-8.533533248380719
337,Scott Miller,WR,PIT,13.861364735480064,-7.111277706983932,-8.533533248380719
338,KhaDarel Hodge,WR,ATL,13.861364735480064,-7.111277706983932,-8.533533248380719
339,Diontae Johnson,WR,HOU,13.861364735480064,-7.111277706983932,-8.533533248380719
340,Parker Washington,WR,JAX,13.861364735480064,-7.111277706983932,-8.533533248380719
341,Erik Ezukanma,WR,MIA,13.861364735480064,-7.111277706983932,-8.533533248380719
342,Cedric Tillman,WR,CLE,13.861364735480064,-7.111277706983932,-8.533533248380719
343,Dante Pettis,WR,NO,13.861364735480064,-7.111277706983932,-8.533533248380719
344,Steven Sims,WR,BAL,13.861364735480064,-7.111277706983932,-8.533533248380719
345,Treylon Burks,WR,TEN,13.861364735480064,-7.111277706983932,-8.533533248380719
346,Jahan Dotson,WR,PHI,13.861364735480064,-7.111277706983932,-8.533533248380719
347,Dorian Thompson-Robinson,QB,CLE,26.026861023715238,-9.55138297641135,-8.596244678770216
348,Spencer Rattler,QB,NO,26.026861023715238,-9.55138297641135,-8.596244678770216
349,Isaac Guerendo,RB,SF,17.60707845394176,-5.737521173336901,-8.606281760005352
350,Antonio Gibson,RB,NE,17.553597993528548,-5.791001633750113,-8.68650245062517
351,Nick Vannett,TE,TEN,9.558562483082218,-6.234891732291137,-8.728848425207591
352,Ben Sinnott,TE,WAS,9.558562483082218,-6.234891732291137,-8.728848425207591
353,Drew Sample,TE,CIN,9.558562483082218,-6.234891732291137,-8.728848425207591
354,Jordan Matthews,TE,CAR,9.558562483082218,-6.234891732291137,-8.728848425207591
355,Chris Manhertz,TE,NYG,9.558562483082218,-6.234891732291137,-8.728848425207591
356,MyCole Pruitt,TE,PIT,9.558562483082218,-6.234891732291137,-8.728848425207591
357,Eric Tomlinson,TE,LAC,9.558562483082218,-6.234891732291137,-8.728848425207591
358,Geoff Swaim,TE,CLE,9.558562483082218,-6.234891732291137,-8.728848425207591
359,Taysom Hill,TE,NO,9.558562483082218,-6.234891732291137,-8.728848425207591
360,Tyler Higbee,TE,LA,9.558562483082218,-6.234891732291137,-8.728848425207591
361,Mo Alie-Cox,TE,IND,9.558562483082218,-6.234891732291137,-8.728848425207591
362,Johnny Mundt,TE,MIN,9.558562483082218,-6.234891732291137,-8.728848425207591
363,Harrison Bryant,TE,LV,9.558562483082218,-6.234891732291137,-8.728848425207591
364,Jack Stoll,TE,MIA,9.558562483082218,-6.234891732291137,-8.728848425207591
365,Eric Saubert,TE,SF,9.558562483082218,-6.234891732291137,-8.728848425207591
366,Gerald Everett,TE,CHI,9.558562483082218,-6.234891732291137,-8.728848425207591
367,Ross Dwelley,TE,ATL,9.558562483082218,-6.234891732291137,-8.728848425207591
368,John FitzPatrick,TE,GB,9.558562483082218,-6.234891732291137,-8.728848425207591
369,Hunter Long,TE,LA,9.558562483082218,-6.234891732291137,-8.728848425207591
370,Connor Heyward,TE,PIT,9.558562483082218,-6.234891732291137,-8.728848425207591
371,Andrew Ogletree,TE,IND,9.558562483082218,-6.234891732291137,-8.728848425207591
372,Adam Trautman,TE,DEN,9.558562483082218,-6.234891732291137,-8.728848425207591
373,Charlie Woerner,TE,ATL,9.558562483082218,-6.234891732291137,-8.728848425207591
374,Stephen Sullivan,TE,CAR,9.558562483082218,-6.234891732291137,-8.728848425207591
375,Kenny Yeboah,TE,NYJ,9.558562483082218,-6.234891732291137,-8.728848425207591
376,Shane Zylstra,TE,DET,9.558562483082218,-6.234891732291137,-8.728848425207591
377,Brevin Jordan,TE,HOU,9.558562483082218,-6.234891732291137,-8.728848425207591
378,Quintin Morris,TE,BUF,9.558562483082218,-6.234891732291137,-8.728848425207591
379,John Bates,TE,WAS,9.558562483082218,-6.234891732291137,-8.728848425207591
380,Josiah Deguara,TE,JAX,9.558562483082218,-6.234891732291137,-8.728848425207591
381,Zach Davidson,TE,BUF,9.558562483082218,-6.234891732291137,-8.728848425207591
382,Brock Wright,TE,DET,9.558562483082218,-6.234891732291137,-8.728848425207591
383,Feleipe Franks,TE,CAR,9.558562483082218,-6.234891732291137,-8.728848425207591
384,Luke Farrell,TE,JAX,9.558562483082218,-6.234891732291137,-8.728848425207591
385,Tanner Hudson,TE,CIN,9.558562483082218,-6.234891732291137,-8.728848425207591
386,Tommy Tremble,TE,CAR,9.558562483082218,-6.234891732291137,-8.728848425207591
387,Grant Calcaterra,TE,PHI,9.558562483082218,-6.234891732291137,-8.728848425207591
388,Greg Dulcich,TE,NYG,9.558562483082218,-6.234891732291137,-8.728848425207591
389,Ian Thomas,TE,CAR,9.558562483082218,-6.234891732291137,-8.728848425207591
390,Kylen Granson,TE,IND,9.558562483082218,-6.234891732291137,-8.728848425207591
391,Durham Smythe,TE,MIA,9.558562483082218,-6.234891732291137,-8.728848425207591
392,Hayden Hurst,TE,LAC,9.558562483082218,-6.234891732291137,-8.728848425207591
393,Erick All,TE,CIN,9.558562483082218,-6.234891732291137,-8.728848425207591
394,Jared Wiley,TE,KC,9.558562483082218,-6.234891732291137,-8.728848425207591
395,Brenden Bates,TE,CLE,9.558562483082218,-6.234891732291137,-8.728848425207591
396,Ben Sims,TE,GB,9.558562483082218,-6.234891732291137,-8.728848425207591
397,Marcedes Lewis,TE,CHI,9.558562483082218,-6.234891732291137,-8.728848425207591
398,Julian Hill,TE,MIA,9.558562483082218,-6.234891732291137,-8.728848425207591
399,Will Mallory,TE,IND,9.558562483082218,-6.234891732291137,-8.728848425207591
400,E.J. Jenkins,TE,PHI,9.558562483082218,-6.234891732291137,-8.728848425207591
401,Luke Schoonmaker,TE,DAL,9.558562483082218,-6.234891732291137,-8.728848425207591
402,Daniel Bellinger,TE,NYG,9.558562483082218,-6.234891732291137,-8.728848425207591
403,Darnell Washington,TE,PIT,9.558562483082218,-6.234891732291137,-8.728848425207591
404,Nate Adkins,TE,DEN,9.558562483082218,-6.234891732291137,-8.728848425207591
405,Charlie Kolar,TE,BAL,9.558562483082218,-6.234891732291137,-8.728848425207591
406,Brayden Willis,TE,SF,9.558562483082218,-6.234891732291137,-8.728848425207591
407,Tucker Fisk,TE,LAC,9.558562483082218,-6.234891732291137,-8.728848425207591
408,Blake Whiteheart,TE,CLE,9.558562483082218,-6.234891732291137,-8.728848425207591
409,Jeremy Ruckert,TE,NYJ,9.558562483082218,-6.234891732291137,-8.728848425207591
410,Devin Culp,TE,TB,9.558562483082218,-6.234891732291137,-8.728848425207591
411,Tip Reiman,TE,ARI,9.558562483082218,-6.234891732291137,-8.728848425207591
412,David Martin-Robinson,TE,TEN,9.558562483082218,-6.234891732291137,-8.728848425207591
413,Cam Grandy,TE,CIN,9.558562483082218,-6.234891732291137,-8.728848425207591
414,Josh Oliver,TE,MIN,9.558562483082218,-6.234891732291137,-8.728848425207591
415,Joseph Fortson,TE,KC,9.558562483082218,-6.234891732291137,-8.728848425207591
416,Pharaoh Brown,TE,SEA,9.558562483082218,-6.234891732291137,-8.728848425207591
417,Stone Smartt,TE,LAC,9.558562483082218,-6.234891732291137,-8.728848425207591
418,Peyton Hendershot,TE,KC,9.558562483082218,-6.234891732291137,-8.728848425207591
419,Elijah Higgins,TE,ARI,9.558562483082218,-6.234891732291137,-8.728848425207591
420,Payne Durham,TE,TB,9.558562483082218,-6.234891732291137,-8.728848425207591
421,Michael Mayer,TE,LV,9.558562483082218,-6.234891732291137,-8.728848425207591
422,Lucas Krull,TE,DEN,9.558562483082218,-6.234891732291137,-8.728848425207591
423,Luke Musgrave,TE,GB,9.558562483082218,-6.234891732291137,-8.728848425207591
424,Baylor Cupp,TE,KC,9.558562483082218,-6.234891732291137,-8.728848425207591
425,Cade Stover,TE,HOU,9.558562483082218,-6.234891732291137,-8.728848425207591
426,John Shenker,TE,LV,9.558562483082218,-6.234891732291137,-8.728848425207591
427,Jaheim Bell,TE,NE,9.558562483082218,-6.234891732291137,-8.728848425207591
428,Brevyn Spann-Ford,TE,DAL,9.558562483082218,-6.234891732291137,-8.728848425207591
429,Dallin Holker,TE,NO,9.558562483082218,-6.234891732291137,-8.728848425207591
430,Davis Allen,TE,LA,9.558562483082218,-6.234891732291137,-8.728848425207591
431,Josh Whyle,TE,TEN,9.537628498625919,-6.255825716747436,-8.75815600344641
432,Colby Parkinson,TE,LA,9.537628498625919,-6.255825716747436,-8.75815600344641
433,Tyjae Spears,RB,TEN,17.460730255775253,-5.883869371503408,-8.825804057255112
434,Marcus Mariota,QB,WAS,25.65743514359305,-9.920808856533537,-8.928727970880184
435,Mac Jones,QB,JAX,25.625913253658545,-9.952330746468043,-8.95709767182124
436,Mason Rudolph,QB,TEN,25.55658613516672,-10.021657864959867,-9.01949207846388
437,Joshua Dobbs,QB,SF,25.415222844226513,-10.163021155900076,-9.146719040310069
438,Aidan O'Connell,QB,LV,25.300674371335184,-10.277569628791404,-9.249812665912264
439,Jacoby Brissett,QB,NE,25.300674371335184,-10.277569628791404,-9.249812665912264
440,Joe Milton III,QB,NE,25.300674371335184,-10.277569628791404,-9.249812665912264
441,Mitchell Trubisky,QB,BUF,25.300674371335184,-10.277569628791404,-9.249812665912264
442,Brandon Allen,QB,SF,25.300674371335184,-10.277569628791404,-9.249812665912264
443,Bailey Zappe,QB,CLE,25.300674371335184,-10.277569628791404,-9.249812665912264
444,Jake Haener,QB,NO,25.300674371335184,-10.277569628791404,-9.249812665912264
445,Tommy DeVito,QB,NYG,25.300674371335184,-10.277569628791404,-9.249812665912264
446,Hendon Hooker,QB,DET,25.300674371335184,-10.277569628791404,-9.249812665912264
447,Michael Penix Jr.,QB,ATL,25.300674371335184,-10.277569628791404,-9.249812665912264
448,Tyson Bagent,QB,CHI,25.300674371335184,-10.277569628791404,-9.249812665912264
449,Tanner McKee,QB,PHI,25.300674371335184,-10.277569628791404,-9.249812665912264
450,Clayton Tune,QB,ARI,25.300674371335184,-10.277569628791404,-9.249812665912264
451,Kenny Pickett,QB,PHI,25.300674371335184,-10.277569628791404,-9.249812665912264
452,Josh Johnson,QB,BAL,25.300674371335184,-10.277569628791404,-9.249812665912264
453,Nick Mullens,QB,MIN,25.300674371335184,-10.277569628791404,-9.249812665912264
454,Desmond Ridder,QB,LV,25.300674371335184,-10.277569628791404,-9.249812665912264
455,Kyle Trask,QB,TB,25.300674371335184,-10.277569628791404,-9.249812665912264
456,Davis Mills,QB,HOU,25.300674371335184,-10.277569628791404,-9.249812665912264
457,Jimmy Garoppolo,QB,LA,25.300674371335184,-10.277569628791404,-9.249812665912264
458,Jake Browning,QB,CIN,25.300674371335184,-10.277569628791404,-9.249812665912264
459,Jarrett Stidham,QB,DEN,25.300674371335184,-10.277569628791404,-9.249812665912264
460,Kyle Allen,QB,PIT,25.300674371335184,-10.277569628791404,-9.249812665912264
461,Tim Boyle,QB,NYG,25.300674371335184,-10.277569628791404,-9.249812665912264
462,Skylar Thompson,QB,MIA,25.300674371335184,-10.277569628791404,-9.249812665912264
463,Mike White,QB,BUF,25.300674371335184,-10.277569628791404,-9.249812665912264
464,Tyrod Taylor,QB,NYJ,25.300674371335184,-10.277569628791404,-9.249812665912264
465,Carson Wentz,QB,KC,25.300674371335184,-10.277569628791404,-9.249812665912264
466,Trey Lance,QB,DAL,25.300674371335184,-10.277569628791404,-9.249812665912264
467,Sam Howell,QB,SEA,25.300674371335184,-10.277569628791404,-9.249812665912264
468,Chris Oladokun,QB,KC,25.300674371335184,-10.277569628791404,-9.249812665912264
469,Taylor Heinicke,QB,LAC,25.300674371335184,-10.277569628791404,-9.249812665912264
470,Joe Flacco,QB,IND,25.269152481400678,-10.30909151872591,-9.27818236685332
471,Dak Prescott,QB,DAL,25.269152481400678,-10.30909151872591,-9.27818236685332
472,Jameis Winston,QB,CLE,25.243435112437524,-10.334808887689064,-9.301327998920158
473,Andy Dalton,QB,CAR,25.22582479703179,-10.352419203094797,-9.317177282785318
474,Cooper Rush,QB,DAL,25.22582479703179,-10.352419203094797,-9.317177282785318
475,Derek Carr,QB,NO,25.22582479703179,-10.352419203094797,-9.317177282785318
476,Gardner Minshew,QB,LV,25.199825362908854,-10.378418637217734,-9.340576773495961
477,Miles Sanders,RB,CAR,17.04313216056654,-6.301467466712122,-9.452201200068183
478,Kyle Juszczyk,RB,SF,17.02452855918135,-6.320071068097313,-9.48010660214597
479,Gus Edwards,RB,LAC,16.903085640738755,-6.441513986539906,-9.66227097980986
480,Jeremy McNichols,RB,WAS,16.809395834186606,-6.535203793092055,-9.802805689638083
481,Isiah Pacheco,RB,KC,16.69872145961259,-6.645878167666073,-9.96881725149911
482,Nick Chubb,RB,CLE,16.69872145961259,-6.645878167666073,-9.96881725149911
483,Braelon Allen,RB,NYJ,16.69872145961259,-6.645878167666073,-9.96881725149911
484,Audric Estimé,RB,DEN,16.69872145961259,-6.645878167666073,-9.96881725149911
485,Michael Burton,RB,DEN,16.63187721191229,-6.712722415366372,-10.069083623049558
486,Reggie Gilliam,RB,BUF,16.63187721191229,-6.712722415366372,-10.069083623049558
487,D'Ernest Johnson,RB,JAX,16.63187721191229,-6.712722415366372,-10.069083623049558
488,Travis Homer,RB,CHI,16.63187721191229,-6.712722415366372,-10.069083623049558
489,Tony Jones,RB,ARI,16.63187721191229,-6.712722415366372,-10.069083623049558
490,Craig Reynolds,RB,DET,16.63187721191229,-6.712722415366372,-10.069083623049558
491,Myles Gaskin,RB,JAX,16.63187721191229,-6.712722415366372,-10.069083623049558
492,Alec Ingold,RB,MIA,16.63187721191229,-6.712722415366372,-10.069083623049558
493,Andrew Beck,RB,HOU,16.63187721191229,-6.712722415366372,-10.069083623049558
494,Jeff Wilson,RB,MIA,16.63187721191229,-6.712722415366372,-10.069083623049558
495,Dalvin Cook,RB,DAL,16.63187721191229,-6.712722415366372,-10.069083623049558
496,Jamaal Williams,RB,NO,16.63187721191229,-6.712722415366372,-10.069083623049558
497,D'Onta Foreman,RB,CLE,16.63187721191229,-6.712722415366372,-10.069083623049558
498,Dare Ogunbowale,RB,HOU,16.63187721191229,-6.712722415366372,-10.069083623049558
499,Patrick Ricard,RB,BAL,16.63187721191229,-6.712722415366372,-10.069083623049558
500,Christian McCaffrey,RB,SF,16.63187721191229,-6.712722415366372,-10.069083623049558
501,Ezekiel Elliott,RB,LAC,16.63187721191229,-6.712722415366372,-10.069083623049558
502,C.J. Ham,RB,MIN,16.63187721191229,-6.712722415366372,-10.069083623049558
503,Raheem Mostert,RB,MIA,16.63187721191229,-6.712722415366372,-10.069083623049558
504,JaMycal Hasty,RB,NE,16.63187721191229,-6.712722415366372,-10.069083623049558
505,Sean Tucker,RB,TB,16.63187721191229,-6.712722415366372,-10.069083623049558
506,Jonathan Ward,RB,PIT,16.63187721191229,-6.712722415366372,-10.069083623049558
507,George Holani,RB,SEA,16.63187721191229,-6.712722415366372,-10.069083623049558
508,Zack Moss,RB,CIN,16.63187721191229,-6.712722415366372,-10.069083623049558
509,Chris Collier,RB,LV,16.63187721191229,-6.712722415366372,-10.069083623049558
510,Will Shipley,RB,PHI,16.63187721191229,-6.712722415366372,-10.069083623049558
511,Rasheen Ali,RB,BAL,16.63187721191229,-6.712722415366372,-10.069083623049558
512,Isaiah Davis,RB,NYJ,16.63187721191229,-6.712722415366372,-10.069083623049558
513,Hunter Luepke,RB,DAL,16.63187721191229,-6.712722415366372,-10.069083623049558
514,Chris Brooks,RB,GB,16.63187721191229,-6.712722415366372,-10.069083623049558
515,Jonathon Brooks,RB,CAR,16.63187721191229,-6.712722415366372,-10.069083623049558
516,Jordan Mims,RB,NO,16.63187721191229,-6.712722415366372,-10.069083623049558
517,Patrick Taylor,RB,SF,16.63187721191229,-6.712722415366372,-10.069083623049558
518,Zamir White,RB,LV,16.63187721191229,-6.712722415366372,-10.069083623049558
519,Kenny McIntosh,RB,SEA,16.63187721191229,-6.712722415366372,-10.069083623049558
520,Deuce Vaughn,RB,DAL,16.63187721191229,-6.712722415366372,-10.069083623049558
521,Carson Steele,RB,KC,16.63187721191229,-6.712722415366372,-10.069083623049558
522,MarShawn Lloyd,RB,GB,16.63187721191229,-6.712722415366372,-10.069083623049558
523,Tyler Goodson,RB,IND,16.63187721191229,-6.712722415366372,-10.069083623049558
524,Tyrion Davis-Price,RB,PHI,16.63187721191229,-6.712722415366372,-10.069083623049558
525,Mike Boone,RB,CAR,16.63187721191229,-6.712722415366372,-10.069083623049558
526,J.J. Taylor,RB,HOU,16.63187721191229,-6.712722415366372,-10.069083623049558
527,Terrell Jennings,RB,NE,16.63187721191229,-6.712722415366372,-10.069083623049558
528,Velus Jones Jr.,RB,CAR,16.63187721191229,-6.712722415366372,-10.069083623049558
529,Eric Gray,RB,NYG,16.63187721191229,-6.712722415366372,-10.069083623049558
530,Clyde Edwards-Helaire,RB,NO,16.63187721191229,-6.712722415366372,-10.069083623049558
531,Trey Benson,RB,ARI,16.63187721191229,-6.712722415366372,-10.069083623049558
532,British Brooks,RB,HOU,16.63187721191229,-6.712722415366372,-10.069083623049558
533,Scott Matlock,RB,LAC,16.63187721191229,-6.712722415366372,-10.069083623049558
534,Pierre Strong,RB,CLE,16.63187721191229,-6.712722415366372,-10.069083623049558
535,Blake Watson,RB,DEN,16.63187721191229,-6.712722415366372,-10.069083623049558
536,Dylan Laube,RB,LV,16.63187721191229,-6.712722415366372,-10.069083623049558
537,Jase McClellan,RB,ATL,16.63187721191229,-6.712722415366372,-10.069083623049558
538,Keaton Mitchell,RB,BAL,16.63187721191229,-6.712722415366372,-10.069083623049558
539,Tyler Badie,RB,DEN,16.63187721191229,-6.712722415366372,-10.069083623049558
540,Blake Corum,RB,LA,16.63187721191229,-6.712722415366372,-10.069083623049558
541,Jaylen Wright,RB,MIA,16.63187721191229,-6.712722415366372,-10.069083623049558
542,Kendre Miller,RB,NO,16.63187721191229,-6.712722415366372,-10.069083623049558
543,Jacob Kibodi,RB,CLE,16.63187721191229,-6.712722415366372,-10.069083623049558
544,Chris Rodriguez Jr.,RB,WAS,16.63187721191229,-6.712722415366372,-10.069083623049558
545,Cody Schrader,RB,LA,16.63187721191229,-6.712722415366372,-10.069083623049558
546,Sione Vaki,RB,DET,16.63187721191229,-6.712722415366372,-10.069083623049558
547,Kimani Vidal,RB,LAC,16.63187721191229,-6.712722415366372,-10.069083623049558
548,Joshua Kelley,RB,TEN,16.63187721191229,-6.712722415366372,-10.069083623049558
549,DeeJay Dallas,RB,ARI,16.63187721191229,-6.712722415366372,-10.069083623049558
550,Ke'Shawn Vaughn,RB,SF,16.63187721191229,-6.712722415366372,-10.069083623049558
551,Jermar Jefferson,RB,DET,16.63187721191229,-6.712722415366372,-10.069083623049558
552,Hassan Haskins,RB,LAC,16.63187721191229,-6.712722415366372,-10.069083623049558
553,Aaron Shampklin,RB,PIT,16.63187721191229,-6.712722415366372,-10.069083623049558
554,Julius Chestnut,RB,TEN,16.63187721191229,-6.712722415366372,-10.069083623049558
555,Ronnie Rivers,RB,LA,16.63187721191229,-6.712722415366372,-10.069083623049558
556,Sincere McCormick,RB,LV,16.63187721191229,-6.712722415366372,-10.069083623049558
557,Tyreik McAllister,RB,LV,16.63187721191229,-6.712722415366372,-10.069083623049558
558,Raheem Blackshear,RB,CAR,16.63187721191229,-6.712722415366372,-10.069083623049558
559,Ty Chandler,RB,MIN,16.63187721191229,-6.712722415366372,-10.069083623049558
560,Dameon Pierce,RB,HOU,16.63187721191229,-6.712722415366372,-10.069083623049558
561,Cordarrelle Patterson,RB,PIT,16.63187721191229,-6.712722415366372,-10.069083623049558
562,Trey Sermon,RB,IND,16.63187721191229,-6.712722415366372,-10.069083623049558
563,Darrynton Evans,RB,CHI,16.63187721191229,-6.712722415366372,-10.069083623049558
564,Michael Carter,RB,ARI,16.63187721191229,-6.712722415366372,-10.069083623049558
565,Kenneth Gainwell,RB,PHI,16.63187721191229,-6.712722415366372,-10.069083623049558
566,Khalil Herbert,RB,CIN,16.63187721191229,-6.712722415366372,-10.069083623049558
567,Kene Nwangwu,RB,NYJ,16.63187721191229,-6.712722415366372,-10.069083623049558
568,Adam Prentice,RB,NO,16.63187721191229,-6.712722415366372,-10.069083623049558
569,Emari Demercado,RB,ARI,16.63187721191229,-6.712722415366372,-10.069083623049558
